{
 "q_0_interview_will_smith.flv": {
  "d_0_scent_of_woman_tango.flv": -0.8986217975616455,
  "d_1_the_last_samurai_battle.flv": -0.8757274746894836,
  "d_2_troy_achilles_d1.flv": -0.6900976300239563,
  "d_3_will_smith_interview.flv": 0.3468254506587982
 }
}